,instance_id,k,n,m,obj_greedy,obj_mip,ratio,time_greedy,time_mip
0,1,2,100,50,1040.2129071695185,743.1834076617156,1.399671866252167,0.03236845698847901,0.5086234330083244
1,2,2,100,50,1020.1669162282689,913.1201873116247,1.1172318062880717,0.02992127201287076,0.60570017300779
2,3,2,100,50,856.6531114616489,855.5571902232284,1.0012809444546127,0.030024968000361696,0.5127346709923586
3,4,2,100,50,908.7160687260778,877.1338721555076,1.036006130390289,0.03088973900594283,0.3499046030046884
4,5,2,100,50,1076.8859460901924,797.3539166420536,1.3505745988247597,0.03162547999818344,0.38272171599965077
5,6,3,100,50,910.5482565352711,781.7584916140042,1.1647436725060316,0.031654370002797805,0.40447738001239486
6,7,3,100,50,970.5016517037615,737.125854458978,1.316602376423321,0.03185893800400663,0.41726267100602854
7,8,3,100,50,898.1099550830128,742.4631694472722,1.2096356991709258,0.032292752992361784,0.4064248380018398
8,9,3,100,50,851.2749783122919,786.609727631294,1.0822075400411375,0.031556722009554505,0.41588512899761554
9,10,3,100,50,947.0326093906343,842.6024598512707,1.1239376271911155,0.03681977700034622,0.47488357200927567
10,11,4,100,50,928.5850389622813,799.0194202515781,1.16215578173295,0.033021972005371936,0.5417571510042762
11,12,4,100,50,970.1585647754807,762.3457484289405,1.2725965439891356,0.03549069899599999,0.4883993169933092
12,13,4,100,50,795.7479725531011,788.4180397634576,1.0092970130311105,0.03356479499780107,0.43569900198781397
13,14,4,100,50,884.6798779236487,720.9662564756809,1.2270752895541237,0.033908230005181395,0.3928424570040079
14,15,4,100,50,759.7544998405867,708.7905009394874,1.071902767931494,0.033693652992951684,0.46341365500120446
15,16,5,100,50,819.7914330377528,757.5972678869211,1.0820939670549534,0.03955870200297795,0.6095698910066858
16,17,5,100,50,786.8359640551046,724.5536779343354,1.085959519656753,0.03618658300547395,0.5755137479864061
17,18,5,100,50,804.3833063847538,752.4681743702627,1.0689931265969337,0.03595952899195254,0.46609639599046204
18,19,5,100,50,933.5293788450178,823.8807035734621,1.1330880487866393,0.03838073399674613,0.5623098779906286
19,20,5,100,50,831.087599089325,736.8003892907982,1.1279684581726162,0.03652746899751946,0.5035022499941988
20,21,6,100,50,770.0332897589709,702.2369742905846,1.0965433577986627,0.037812562004546635,0.5078116630029399
21,22,6,100,50,751.7705616399334,655.5063501170424,1.146854735283194,0.03699952599708922,0.5223044000013033
22,23,6,100,50,734.5102350440727,637.8629736318609,1.1515172778597293,0.03748377399460878,0.6097493299894268
23,24,6,100,50,809.2330524447931,715.6835081409172,1.1307135671560788,0.03833597499760799,0.4795275060023414
24,25,6,100,50,718.56011519669,697.5952834824492,1.0300530009457387,0.03893566298938822,0.46438569700694643
25,26,7,100,50,803.9467083052135,737.1407934574446,1.0906284327779856,0.039211116993101314,0.6388606639957288
26,27,7,100,50,783.9300087824639,714.4220666910021,1.097292546426236,0.03882685900316574,0.4672041599988006
27,28,7,100,50,760.7187232619809,725.2821546097113,1.048859010837429,0.03904156699718442,0.5826378330093576
28,29,7,100,50,772.258202568372,687.7226648829946,1.1229209709116679,0.03936598199652508,0.6477236350037856
29,30,7,100,50,741.1862647868014,666.1835129506229,1.1125857220692545,0.03906919700966682,0.5919613430014579
30,31,8,100,50,853.5410578139813,724.9182607424459,1.1774307588000372,0.04224315600004047,0.46455735800554976
31,32,8,100,50,783.1856431341711,717.7749471602338,1.0911298119734112,0.04122864299279172,0.6203432479960611
32,33,8,100,50,789.7634219748048,665.6119535394693,1.1865222939208733,0.04142426299222279,0.6188323500100523
33,34,8,100,50,774.8901530218243,739.4465768560653,1.0479325718383279,0.04116990701004397,0.5374062170012621
34,35,8,100,50,701.9329199249919,643.2418510025536,1.0912426155589265,0.04064278499572538,0.6219087210047292
35,36,9,100,50,800.7416204790453,642.7262510609086,1.2458517435024794,0.045535355995525606,0.5273558409971884
36,37,9,100,50,718.511653446878,648.6550230285309,1.1076945802287796,0.04232572400360368,0.4466024940047646
37,38,9,100,50,746.4498609513284,687.4671540571418,1.0857971272461464,0.04326160300115589,0.5691853839962278
38,39,9,100,50,842.1584832681795,718.8914025306793,1.1714682917385977,0.04304898100963328,0.6177227640000638
39,40,9,100,50,715.7024604991143,637.0818819907505,1.1234073370014708,0.04581669699109625,0.6255314959998941
40,41,10,100,50,592.6356674299182,592.6356674299182,1.0,0.04424318300152663,0.44654182500380557
41,42,10,100,50,664.4426491834588,612.9875228780943,1.0839415557167833,0.04619503000867553,0.5733369049994508
42,43,10,100,50,802.320742291397,718.7719107146996,1.1162383091648946,0.04633433600247372,0.6520846470084507
43,44,10,100,50,656.3395037342054,628.2189373905458,1.0447623665412968,0.04566583900304977,0.4243362800043542
44,45,10,100,50,664.5812690880986,615.3164068750141,1.0800642753267125,0.059064177999971434,0.5539318320079474
45,46,11,100,50,718.0787016543546,691.6384606517819,1.0382284134078608,0.052737396996235475,0.6020010030042613
46,47,11,100,50,611.1643867525869,538.9564694078726,1.133977271715554,0.04771252899081446,0.41571265300444793
47,48,11,100,50,700.6159651704733,640.2972441252491,1.0942042490400368,0.048041920992545784,0.4228269629966235
48,49,11,100,50,654.7791890399033,636.2913754054671,1.0290555779145287,0.04829168198921252,0.5169515879970277
49,50,11,100,50,597.6066795720943,597.6066795720943,1.0,0.04907856300997082,0.3931907219957793
50,51,12,100,50,622.3963941925123,597.2990429637467,1.0420180670376344,0.0530894199910108,0.517082805003156
51,52,12,100,50,601.3899081926359,576.9085940990893,1.0424353430403945,0.04852539200510364,0.4356374350027181
52,53,12,100,50,691.6273010180976,675.443962010805,1.0239595583312562,0.04823438898893073,0.5512370279902825
53,54,12,100,50,726.474600977699,634.8726026597553,1.1442840625570916,0.04813134799769614,0.4161864719935693
54,55,12,100,50,757.5249083639401,716.0198711718442,1.0579663202980225,0.047651953995227814,0.5738849650078919
55,56,13,100,50,744.6629676807383,676.0482865334154,1.1014937579372617,0.05070095600967761,0.712159866001457
56,57,13,100,50,679.4298370565415,622.6020920525353,1.0912745808750206,0.05017278000013903,0.4916890789900208
57,58,13,100,50,537.3257349782624,501.87603007719997,1.0706343853393625,0.04970146299456246,0.5325431119999848
58,59,13,100,50,579.908801340271,567.462181994406,1.0219338305543464,0.050856860994827,0.419482251003501
59,60,13,100,50,640.8454823024406,612.9382942127861,1.0455301754730408,0.04995427399990149,0.4173228330037091
60,61,14,100,50,585.3458573957378,585.3458573957378,1.0,0.05235791600716766,0.40566278700134717
61,62,14,100,50,560.4900312062852,539.6734374132205,1.0385725743568988,0.051663507998455316,0.4744688709906768
62,63,14,100,50,560.3566750141161,527.8736604116966,1.0615355851949224,0.05436913299490698,0.4052761519997148
63,64,14,100,50,589.9580124780273,557.5466003491161,1.0581322029559794,0.055407305000699125,0.42531832501117606
64,65,14,100,50,612.9542263844826,576.531664850058,1.063175301124002,0.05388940799457487,0.409920810998301
65,66,15,100,50,650.005995081831,603.1265913089037,1.0777273037675055,0.05341357800352853,0.47638693399494514
66,67,15,100,50,557.7647892069713,557.2974338753038,1.0008386102344264,0.05327607200888451,0.41220873000565916
67,68,15,100,50,619.0100140589319,581.8681425522593,1.063832110388028,0.05743628001073375,0.4326629520073766
68,69,15,100,50,584.9897712738839,584.9897712738839,1.0,0.053162363008596,0.41291540599195287
69,70,15,100,50,611.337050521842,582.1843250654133,1.050074734411912,0.057406969004659913,0.4304571999964537
70,71,16,100,50,506.30715402708927,504.28622689778854,1.0040075001487405,0.06110395400901325,0.32352137900306843
71,72,16,100,50,610.7976285862192,610.7976285862192,1.0,0.055130139997345395,0.42617909699038137
72,73,16,100,50,596.6123367782682,584.408942038298,1.0208816016698978,0.05897553400427569,0.4407851500000106
73,74,16,100,50,448.882935751367,427.6377866157021,1.0496802429546688,0.055542638001497835,0.4557193990040105
74,75,16,100,50,569.2553949859771,540.3631259669473,1.0534682468707108,0.05546795600093901,0.4783741919964086
75,76,17,100,50,505.3103597604804,505.3103597604804,1.0,0.06135408399859443,0.43830716599768493
76,77,17,100,50,506.88916339957683,477.42144519777696,1.0617226530106803,0.056996010011062026,0.40362666599685326
77,78,17,100,50,537.2325830218473,520.6339141751753,1.0318816511847269,0.05800283500866499,0.40704138700675685
78,79,17,100,50,464.6044047137858,455.6834092790977,1.0195771784818792,0.057291153992991894,0.4035514450079063
79,80,17,100,50,616.2767414709684,549.3728799009672,1.1217822430223743,0.05675728400819935,0.4062644579971675
80,81,18,100,50,464.6186709478401,460.76359493010074,1.0083667113898704,0.06758527300553396,0.4258202149940189
81,82,18,100,50,546.8680857033178,509.6439982500799,1.0730393913811425,0.05972082499647513,0.4526422289927723
82,83,18,100,50,410.9620924630954,402.24202232145296,1.0216786652257674,0.05936330000986345,0.4261766410054406
83,84,18,100,50,536.6544963816631,492.09136918177455,1.090558644168025,0.05956611600413453,0.45170985799632035
84,85,18,100,50,439.6358043662712,439.6358043662712,1.0,0.06058053199376445,0.407820324995555
85,86,19,100,50,512.823802500202,471.05920525881294,1.0886610361821556,0.061170898989075795,0.41266281400748994
86,87,19,100,50,425.4174217476836,396.65376836056475,1.0725157698765948,0.06378112800302915,0.395473177995882
87,88,19,100,50,408.3302568624879,374.71531181382693,1.0897079569178698,0.06323104100010823,0.42425576600362547
88,89,19,100,50,473.43396583319355,466.7064634822907,1.014414847184044,0.0630951740022283,0.4117840559920296
89,90,19,100,50,442.9893583917206,418.4024215747971,1.0587638492253042,0.06515836900507566,0.4450469089933904
90,91,20,100,50,653.8859042532616,607.2405326367057,1.0768153130589235,0.06884983700001612,0.4416126370051643
91,92,20,100,50,489.42938285161046,481.6791468788174,1.016090038406298,0.0630083510041004,0.4219736569939414
92,93,20,100,50,583.1900625762368,521.1277357510617,1.1190923502387171,0.07002611800271552,0.4913701699988451
93,94,20,100,50,455.138742100534,455.138742100534,1.0,0.07065715300268494,0.4377387310087215
94,95,20,100,50,509.23193052549016,500.0486934098408,1.018364685752959,0.07065874899853952,0.40694648899079766
95,96,21,100,50,452.00798089537494,406.3354044696116,1.1124011738169348,0.0675086779956473,0.4203533379914006
96,97,21,100,50,391.1451964503314,391.1451964503314,1.0,0.06722749200707767,0.41581801300344523
97,98,21,100,50,453.11163459631007,425.6567624484495,1.0645000257717874,0.06849045699345879,0.459404141001869
98,99,21,100,50,513.9837729825975,493.6986152793108,1.041088139758728,0.06546239099407103,0.4399480590072926
99,100,21,100,50,527.5163282060669,488.2220628746817,1.0804844113353218,0.07323868499952368,0.4211586460005492
100,101,22,100,50,480.5618029608077,430.8095786865932,1.1154854180027607,0.06899702399095986,0.4511632679932518
101,102,22,100,50,448.54053201812724,447.5513393266206,1.0022102328930462,0.07071849699423183,0.4812626100028865
102,103,22,100,50,473.76978481458974,453.91930187919263,1.0437313038974496,0.06687507400056347,0.4181063509895466
103,104,22,100,50,442.5519253620118,401.08693214627823,1.103381561183876,0.06997449199843686,0.4318989879975561
104,105,22,100,50,548.7444901857914,541.121530186428,1.0140873344971824,0.06869607001135591,0.4351161230006255
105,106,23,100,50,472.26790206148127,451.36354014838696,1.046313802630629,0.06904947001021355,0.41675069800112396
106,107,23,100,50,355.7036790501321,340.6554147784037,1.0441744461379463,0.06922145299904514,0.43750223399547394
107,108,23,100,50,535.4417261197954,535.4417261197954,1.0,0.07659209698613267,0.4182696579955518
108,109,23,100,50,507.3710428942292,507.3710428942292,1.0,0.07418019999749959,0.414301033000811
109,110,23,100,50,452.58886401020237,452.58886401020237,1.0,0.0732879179995507,0.44792542498908006
110,111,24,100,50,404.6445468603293,404.6445468603292,1.0000000000000002,0.07255638900096528,0.4384698310022941
111,112,24,100,50,463.3058430852024,459.4297539372117,1.0084367394901472,0.07206416899862234,0.4114278900087811
112,113,24,100,50,460.4310687111895,427.0079817558013,1.0782727452024592,0.07369233098870609,0.45039231500413734
113,114,24,100,50,380.85222939617154,359.84050977777537,1.0583917570352828,0.07648233999498188,0.44542141500278376
114,115,24,100,50,463.98615234219113,441.3468837165048,1.0512958615115735,0.07087512800353579,0.45483197100111283
115,116,25,100,50,425.4202406886701,425.4202406886701,1.0,0.07232920799287967,0.41022950400656555
116,117,25,100,50,409.5978411179443,396.85106292600506,1.0321198035806092,0.0731262479966972,0.41566552700533066
117,118,25,100,50,413.2515301186058,413.2515301186058,1.0,0.08159580299980007,0.4360131800058298
118,119,25,100,50,407.40847920033605,403.6272618169207,1.0093680921511452,0.07372585700068157,0.42643150499498006
119,120,25,100,50,493.7979604072957,477.246323079862,1.034681539756282,0.08224148199951742,0.4271628089918522
120,121,26,100,50,435.75542123621165,428.84644867556733,1.0161105975856433,0.07875749700178858,0.40867118300229777
121,122,26,100,50,449.16102236508107,425.83048847866536,1.0547883125272854,0.08619142899988219,0.46124400799453724
122,123,26,100,50,488.437874233745,480.49535863241925,1.0165298487459518,0.07538787300291006,0.42532678399584256
123,124,26,100,50,374.1649914490638,374.1649914490638,1.0,0.07913378899684176,0.4248384319944307
124,125,26,100,50,423.825978637872,415.7661225718384,1.0193855526664297,0.08085336799558718,0.438381476997165
125,126,27,100,50,481.6956245807945,481.6956245807945,1.0,0.08023636200232431,0.42706128100689966
126,127,27,100,50,400.2023477812279,400.2023477812279,1.0,0.0849353359953966,0.3973044349986594
127,128,27,100,50,391.606548469813,372.0023014938793,1.0526992626045788,0.07992049001040868,0.43224510400614236
128,129,27,100,50,454.4131736105435,446.3506794655588,1.0180631385049943,0.08099823999509681,0.4059409350011265
129,130,27,100,50,476.3042796852321,443.5271051747659,1.0739011756621972,0.0764115009951638,0.4510089290124597
130,131,28,100,50,409.90494590828905,390.3340011375072,1.050138969994283,0.08121655700961128,0.40973960400151554
131,132,28,100,50,387.6793538814167,387.6793538814167,1.0,0.07844894200388808,0.42753763499786146
132,133,28,100,50,426.2443682790334,426.2443682790333,1.0000000000000002,0.07841002401255537,0.4679330859944457
133,134,28,100,50,440.935480919642,406.9608636972448,1.0834837456204935,0.08082898199791089,0.42449604599096347
134,135,28,100,50,315.3794427926426,296.2989416779576,1.0643961163230318,0.08608439400268253,0.43358809100755025
135,136,29,100,50,379.4016036590535,379.2495877255592,1.0004008334838437,0.08160534799390007,0.41455579100875184
136,137,29,100,50,273.68178949446394,273.6273177012439,1.0001990729349601,0.08233120100339875,0.4174440350034274
137,138,29,100,50,316.85431236048487,301.37178760076506,1.0513735040793861,0.07999312500760425,0.4700389600038761
138,139,29,100,50,406.46387337631955,389.5290284358379,1.0434751808061233,0.0840604180120863,0.4259423580078874
139,140,29,100,50,405.2511197144881,405.2511197144881,1.0,0.07935935400018934,0.4261669520055875
140,141,30,100,50,278.56698122577063,262.4678424605629,1.061337566592093,0.08176318199548405,0.4124723410059232
141,142,30,100,50,371.4319229779333,368.2570457975707,1.0086213616727588,0.09243449200585019,0.45358499900612514
142,143,30,100,50,320.868225244746,301.47918127511844,1.0643130443953734,0.08246902299288195,0.41470031600329094
143,144,30,100,50,313.95630341726707,313.956303417267,1.0000000000000002,0.08510721800848842,0.41302538399759214
144,145,30,100,50,261.73149033229987,261.7314903322998,1.0000000000000002,0.0859818320022896,0.42513219501415733
145,146,31,100,50,389.7823700305908,363.7680298967252,1.0715135415865193,0.0900570300000254,0.43157322899787687
146,147,31,100,50,302.5961906664881,302.5961906664881,1.0,0.08917097400990315,0.44931912601168733
147,148,31,100,50,390.61817333736815,372.3903578679458,1.0489481402627674,0.08376303499971982,0.43062219400599133
148,149,31,100,50,300.1607475161124,300.1607475161124,1.0,0.08278599599725567,0.41968850798730273
149,150,31,100,50,305.7555725793587,305.7555725793587,1.0,0.08352232800098136,0.428750670995214
150,151,32,100,50,393.2043477768093,374.3436534611675,1.0503833687074873,0.08848813599615823,0.45444398700783495
151,152,32,100,50,372.3323490417746,358.6571030892904,1.0381290258430478,0.0929760539875133,0.41515252499084454
152,153,32,100,50,282.9644357565927,268.6259448675644,1.0533771631630644,0.08612824100418948,0.36537040799157694
153,154,32,100,50,282.5559765117928,282.5559765117928,1.0,0.08475287799956277,0.4083928229956655
154,155,32,100,50,298.34980370890014,294.2887307342532,1.0137996210881557,0.10249198199016973,0.41336271399632096
155,156,33,100,50,298.5227337192744,298.5227337192743,1.0000000000000004,0.09343838700442575,0.4142637650074903
156,157,33,100,50,235.0667126399548,229.9914303822827,1.0220672668074466,0.08887654099089559,0.4224071190110408
157,158,33,100,50,420.29794212374816,385.0161518434278,1.0916371692756106,0.08980611100560054,0.45908436400350183
158,159,33,100,50,304.7176535523606,304.7176535523606,1.0,0.09183947200654075,0.4057549110002583
159,160,33,100,50,286.153778638792,286.15377863879195,1.0000000000000002,0.08923936999053694,0.43176135199610144
160,161,34,100,50,324.3037834949585,324.30378349495845,1.0000000000000002,0.08967788200243376,0.4279964720044518
161,162,34,100,50,293.57397780343797,293.57397780343797,1.0,0.09288157499395311,0.4848977729998296
162,163,34,100,50,230.31549300631815,230.31549300631764,1.0000000000000022,0.08986502200423274,0.3475801550084725
163,164,34,100,50,227.34930619000255,227.34930619000252,1.0000000000000002,0.09428276799735613,0.4279503659927286
164,165,34,100,50,251.72179350728655,246.31084144407114,1.021967981723793,0.0902611649944447,0.44815841400122736
165,166,35,100,50,241.14184025184247,241.14184025184247,1.0,0.09534310200251639,0.45116450999921653
166,167,35,100,50,285.7178032321304,285.7178032321304,1.0,0.09067358200263698,0.4367513539909851
167,168,35,100,50,273.0240604536229,273.0240604536229,1.0,0.09188732999609783,0.4676166139979614
168,169,35,100,50,330.2210488606372,330.2210488606372,1.0,0.09019969099608716,0.43245333699451294
169,170,35,100,50,367.82809088092216,367.82809088092216,1.0,0.09165901500091422,0.42868077200546395
170,171,36,100,50,246.72283669833345,246.72283669833345,1.0,0.10110423198784702,0.4415463390032528
171,172,36,100,50,262.7332142200102,262.7332142200099,1.000000000000001,0.10474748400156386,0.3532282870000927
172,173,36,100,50,218.66879958404343,214.59109057269,1.0190022288458995,0.0970490870095091,0.45683422600268386
173,174,36,100,50,301.407043825326,301.4070438253257,1.000000000000001,0.10299123400181998,0.4375439360010205
174,175,36,100,50,263.8373208099429,263.8373208099429,1.0,0.1036268449970521,0.4132276769960299
175,176,37,100,50,272.5230126553022,272.5230126553022,1.0,0.09451013099169359,0.43630465600290336
176,177,37,100,50,165.75662611424931,165.75662611424931,1.0,0.09442035100073554,0.35597597699961625
177,178,37,100,50,302.63990154061986,302.6399015406198,1.0000000000000002,0.09539216000121087,0.41496790599194355
178,179,37,100,50,186.0034756703598,171.22841660665813,1.0862885924924632,0.1032701200019801,0.3639495780080324
179,180,37,100,50,225.91932941756383,225.91932941756383,1.0,0.10418280299927574,0.4348171510064276
180,181,38,100,50,276.9114175246341,260.42103565890875,1.063322004015543,0.09554214900708757,0.4420458640088327
181,182,38,100,50,240.68557402686974,237.06115565255377,1.0152889593587744,0.09696441399864852,0.4511378969909856
182,183,38,100,50,287.3405852934109,287.26357789062047,1.0002680722817558,0.10073751999880187,0.42827949600177817
183,184,38,100,50,262.1767625482136,262.17676254821356,1.0000000000000002,0.09728122100932524,0.4484831729932921
184,185,38,100,50,223.512435435841,223.51243543584096,1.0000000000000002,0.09720495899091475,0.44160622599883936
185,186,39,100,50,243.14181027535403,232.67879130133974,1.044967652253547,0.09921398799633607,0.3484726980095729
186,187,39,100,50,250.06722427395258,249.41778013004733,1.0026038406065783,0.10332370299147442,0.4543818530073622
187,188,39,100,50,202.04044351558025,202.0404435155802,1.0000000000000002,0.10741438099648803,0.4331891740002902
188,189,39,100,50,193.045269240133,193.045269240133,1.0,0.1084971480013337,0.4468723809986841
189,190,39,100,50,198.9152015617906,198.9152015617906,1.0,0.10109096100495663,0.43537214800016955
190,191,40,100,50,173.70731735811367,173.7073173581132,1.0000000000000029,0.10053381499892566,0.3742298009892693
191,192,40,100,50,210.49522716354323,210.49522716354323,1.0,0.10125058500852901,0.36559647299873177
192,193,40,100,50,190.59542658828494,190.59542658828445,1.0000000000000024,0.10654289500962477,0.38309293700149283
193,194,40,100,50,156.3585610521676,156.3585610521676,1.0,0.1043869459972484,0.45110078700236045
194,195,40,100,50,222.16829699592515,222.16829699592472,1.000000000000002,0.0995169630041346,0.36297618599201087
195,196,41,100,50,186.68467811505187,186.68467811505187,1.0,0.10077822300081607,0.4222457040013978
196,197,41,100,50,162.46426083036744,162.46426083036744,1.0,0.10238661199400667,0.42756909001036547
197,198,41,100,50,207.38735454992062,207.38735454992056,1.0000000000000002,0.10142978600924835,0.4323767210007645
198,199,41,100,50,201.91011638537398,201.91011638537398,1.0,0.11179050900682341,0.4672669060091721
199,200,41,100,50,175.04739420822455,175.04739420822398,1.0000000000000033,0.11033014400163665,0.3631067560054362
200,201,42,100,50,158.86934082881447,158.86934082881407,1.0000000000000024,0.1036155619949568,0.3666444560076343
201,202,42,100,50,177.5396609952892,177.5396609952892,1.0,0.10309999799937941,0.38050683301116806
202,203,42,100,50,214.15483707000593,213.96108502193712,1.0009055480722064,0.10293760399508756,0.45121858500351664
203,204,42,100,50,221.70223120908858,221.70223120908858,1.0,0.10532743298972491,0.45991686900379136
204,205,42,100,50,143.98972997894637,142.03601386955165,1.013755075604903,0.1174860929895658,0.45089567100512795
205,206,43,100,50,232.16439924969902,214.09311281971418,1.084408536977098,0.10570574599842075,0.364870998004335
206,207,43,100,50,199.95462955136352,199.95462955136352,1.0,0.11639581501367502,0.37437226899783127
207,208,43,100,50,183.71041497392633,183.7104149739263,1.0000000000000002,0.11907076300121844,0.4509935890091583
208,209,43,100,50,183.6346079494845,183.6346079494845,1.0,0.11479188699740916,0.35164417800842784
209,210,43,100,50,186.01251565824958,184.69723909242092,1.0071212573197725,0.10861598599876743,0.44836925399431493
210,211,44,100,50,162.94967351618047,162.94967351618004,1.0000000000000027,0.11080960200342815,0.3634618039941415
211,212,44,100,50,145.11855940738153,145.1185594073815,1.0000000000000002,0.10712273899116553,0.3699960489902878
212,213,44,100,50,151.96997739902216,151.96997739902213,1.0000000000000002,0.10758818000613246,0.4787733940029284
213,214,44,100,50,170.80280942103437,170.80280942103434,1.0000000000000002,0.11833351801033132,0.40250594200915657
214,215,44,100,50,121.39744497506608,121.39744497506604,1.0000000000000004,0.10789052699692547,0.44972088299982715
215,216,45,100,50,167.51305159498992,167.51305159498952,1.0000000000000024,0.10896430800494272,0.36549005399865564
216,217,45,100,50,118.53085242739505,118.53085242739462,1.0000000000000036,0.11806742499175016,0.370345607996569
217,218,45,100,50,127.10814829627058,127.10814829627058,1.0,0.11727692400745582,0.3927796119969571
218,219,45,100,50,122.48528639688855,122.48528639688811,1.0000000000000036,0.11254182000993751,0.36682763999851886
219,220,45,100,50,140.47212084524614,140.47212084524614,1.0,0.11507706399424933,0.3655764260038268
220,221,46,100,50,128.55039353660865,128.55039353660865,1.0,0.11070279199338984,0.3689396870031487
221,222,46,100,50,126.99354662752152,126.99354662752152,1.0,0.11077596900577191,0.38751526399573777
222,223,46,100,50,114.4834238029415,114.48342380294093,1.0000000000000049,0.1108842329995241,0.3492887349857483
223,224,46,100,50,115.70846846396499,115.70846846396499,1.0,0.1278201799868839,0.3696934399922611
224,225,46,100,50,100.60247941867338,100.60247941867294,1.0000000000000044,0.11349347099894658,0.3758222280011978
225,226,47,100,50,105.06761372624219,105.06761372624219,1.0,0.11168066700338386,0.3489972669922281
226,227,47,100,50,109.57571295399242,109.57571295399242,1.0,0.11329079099232331,0.38060617599694524
227,228,47,100,50,88.09028833988285,88.09028833988285,1.0,0.11898505999124609,0.35308297000301536
228,229,47,100,50,106.656786146185,106.656786146185,1.0,0.12161200199625455,0.3664205069944728
229,230,47,100,50,121.04491813092936,121.04491813092936,1.0,0.11405043299600948,0.3573427990049822
230,231,48,100,50,144.6206597984743,144.62065979847426,1.0000000000000002,0.1301844919944415,0.3813161309954012
231,232,48,100,50,79.56879715767374,79.56879715767374,1.0,0.11938018500222825,0.3521390770038124
232,233,48,100,50,81.47580895646215,81.47580895646215,1.0,0.13342004500736948,0.4009908439911669
233,234,48,100,50,90.03317761080321,90.03317761080321,1.0,0.11441146000288427,0.369517707003979
234,235,48,100,50,99.07521636931052,95.9461750769499,1.0326124651644644,0.11503109299519565,0.3720300699933432
235,236,49,100,50,73.94278327551866,73.94278327551866,1.0,0.1355315490072826,0.3678276860009646
236,237,49,100,50,79.429608539914,79.429608539914,1.0,0.1224653870012844,0.3710469649959123
237,238,49,100,50,64.65344525139541,64.6534452513954,1.0000000000000002,0.12445001400192268,0.3746303379884921
238,239,49,100,50,76.39865684903762,76.39865684903761,1.0000000000000002,0.1368578109977534,0.3781432940013474
239,240,49,100,50,83.37862936556195,83.37862936556195,1.0,0.1284060049947584,0.37174342200160027
240,241,2,200,50,2041.1071700575485,1804.4896977470091,1.1311270840758845,0.041741408000234514,0.509335052993265
241,242,2,200,50,2051.1722345522194,1758.3686480326664,1.166520022321345,0.038050499992095865,0.43029634199046995
242,243,2,200,50,2022.5697912259204,1726.9051284550267,1.1712107155738252,0.037863741992623545,0.5703759219904896
243,244,2,200,50,2040.647212774374,1830.999340501842,1.1144991522580623,0.03756914100085851,0.6026853790099267
244,245,2,200,50,1914.4290635712316,1493.1141955629255,1.282171899015041,0.0360804369993275,0.4709257579961559
245,246,3,200,50,1669.9049660180713,1629.8941643866003,1.0245480979720722,0.03974599900539033,0.4705322000081651
246,247,3,200,50,2271.8694993851527,1804.980941170187,1.2586667524102926,0.041047748003620654,0.4530674309935421
247,248,3,200,50,1894.9198271214586,1589.007720378423,1.1925176969374212,0.03964323300169781,0.4805477490008343
248,249,3,200,50,1737.2963580969956,1487.1595456992713,1.1681976981697069,0.0404729599977145,0.34717093799554277
249,250,3,200,50,1768.4659216651687,1668.2022821678868,1.06010280681728,0.04144140500284266,0.4577923040051246
250,251,4,200,50,1817.3819466231623,1721.2883306654235,1.0558265656286594,0.04197822000423912,0.5800939580076374
251,252,4,200,50,1834.8264229588049,1640.3047789327006,1.1185887199284232,0.043525416011107154,0.607708822004497
252,253,4,200,50,1783.3436953083108,1593.0107965265258,1.1194799804224778,0.04191991900734138,0.5427064429968596
253,254,4,200,50,1943.1844789792374,1729.8149291785828,1.123348195348259,0.043909925007028505,0.44750923800165765
254,255,4,200,50,1908.5032852546688,1678.0518329311144,1.137332737762347,0.04339714901288971,0.5839139680028893
255,256,5,200,50,1789.356089290459,1605.2911459580941,1.1146614081787067,0.04422868000983726,0.5536756279907422
256,257,5,200,50,1785.9361205090659,1606.405874361054,1.1117589576914488,0.04531062200840097,0.51233018199855
257,258,5,200,50,1730.6846503375634,1640.6000017960105,1.0549095748158812,0.04776920699805487,0.48448370800178964
258,259,5,200,50,1726.7850975149954,1624.6574148105005,1.0628610572133492,0.04489453899441287,0.5095959790050983
259,260,5,200,50,1464.3714923572752,1464.166938588761,1.0001397065888615,0.04936759700649418,0.4411811710015172
260,261,6,200,50,1747.9109690749285,1681.0214668177705,1.0397909863600863,0.048195502007729374,0.5905344439961482
261,262,6,200,50,1764.4734339724541,1569.224758931267,1.1244236518254802,0.047252021002350375,0.4556641909875907
262,263,6,200,50,1734.5307994964667,1558.642105985294,1.1128473899400946,0.047269777991459705,0.598692215004121
263,264,6,200,50,1716.4351587272522,1569.1336012370339,1.093874452356442,0.0480181309976615,0.5354631660011364
264,265,6,200,50,1641.9795881683226,1573.8132659846058,1.0433128400026992,0.05240300198784098,0.6829391560022486
265,266,7,200,50,1655.651227419823,1579.2304043942884,1.0483911801678145,0.05506552699080203,0.44470957000157796
266,267,7,200,50,1670.532268695847,1476.4050306343333,1.131486437687162,0.05318079899006989,0.47718616999918595
267,268,7,200,50,1616.4939942812066,1461.9645476289556,1.1056998590717333,0.052318795991595834,0.5691466449934524
268,269,7,200,50,1756.0340332015724,1615.6483735358731,1.0868912208653811,0.05186097799742129,0.5003020459989784
269,270,7,200,50,1721.75200288485,1520.6162308366663,1.1322725405459573,0.05210782699577976,0.4439003189909272
270,271,8,200,50,1630.8644138879301,1551.7091049344274,1.0510116933011409,0.05389590500271879,0.48835655600123573
271,272,8,200,50,1477.0753763238854,1378.775729210528,1.071294877789619,0.053820598011952825,0.5227393920067698
272,273,8,200,50,1580.1918346278258,1481.053926365338,1.0669374061927526,0.05760341499990318,0.5213153989898274
273,274,8,200,50,1394.1921622108289,1364.2640518047601,1.0219371831768764,0.05327350400330033,0.5226145979977446
274,275,8,200,50,1562.2149423819217,1492.4636303159864,1.0467356863169708,0.0556214749958599,0.4763629320077598
275,276,9,200,50,1482.0319059863803,1410.0636017820636,1.0510390482481513,0.05760437400022056,0.6375540320004802
276,277,9,200,50,1426.3471770626065,1266.4917774452751,1.12621905839751,0.05607848700310569,0.5231442609947408
277,278,9,200,50,1550.2653092749977,1370.4078295643149,1.1312437624994187,0.059638435996021144,0.4290810899983626
278,279,9,200,50,1703.2462199160914,1585.1912365442213,1.0744736538092619,0.05981843400513753,0.4780856919969665
279,280,9,200,50,1522.456799100506,1486.6164133939542,1.0241086977001204,0.06028213199169841,0.4121606539993081
280,281,10,200,50,1432.9443175456763,1370.9699456356075,1.0452047633191086,0.059015150007326156,0.4776032740046503
281,282,10,200,50,1592.4907578495818,1548.2645559186906,1.0285650160767574,0.06149469400406815,0.5572126920014853
282,283,10,200,50,1295.835929343242,1282.5752961922888,1.0103390679598472,0.06075738101208117,0.45918013399932534
283,284,10,200,50,1467.6206070811702,1419.8543966502136,1.0336416258904073,0.06439856099314056,0.45554163299675565
284,285,10,200,50,1392.6835051861015,1319.8566519506128,1.0551778506611744,0.05965065100463107,0.48553037700185087
285,286,11,200,50,1412.1092952822987,1302.0821677685365,1.0845009095718767,0.06104899699857924,0.5509238999948138
286,287,11,200,50,1571.3848058017743,1471.9783582842072,1.067532546900648,0.06214074899617117,0.5789958419918548
287,288,11,200,50,1375.922500111324,1315.252213505941,1.0461282528038178,0.061019474000204355,0.4450117130036233
288,289,11,200,50,1436.1684950666936,1337.3187479200815,1.0739163698260807,0.06494067401217762,0.41564713799743913
289,290,11,200,50,1491.696633525954,1398.666862229781,1.0665131732283006,0.06550683199020568,0.42781812899920624
290,291,12,200,50,1151.8173666591251,1134.630746186506,1.015147324828261,0.06544014599057846,0.5143521510035498
291,292,12,200,50,1223.3145713590732,1221.5260605543458,1.0014641609888502,0.06475423699885141,0.45855317900714
292,293,12,200,50,1413.9169461599856,1341.7335312065948,1.0537986219130095,0.06543297099415213,0.43589714300469495
293,294,12,200,50,1417.7789617040496,1342.3252867180677,1.056211170073733,0.06461213300644886,0.4308203069958836
294,295,12,200,50,1243.8702626615116,1198.8838106273965,1.0375236129100558,0.0655684299999848,0.41875228501157835
295,296,13,200,50,1315.3672372936976,1259.0133337989018,1.0447603706664135,0.06850277700868901,0.5208002350118477
296,297,13,200,50,1361.9534646035497,1315.651528731348,1.0351931608492484,0.07362120799371041,0.4403026109939674
297,298,13,200,50,1379.414538677366,1326.642668917982,1.0397785108196655,0.06832861600560136,0.43642093800008297
298,299,13,200,50,1216.1564019561254,1190.9129808287387,1.0211966965964383,0.06984210900554899,0.5293840230006026
299,300,13,200,50,1427.7350382561692,1354.132839333838,1.0543537508170466,0.07342119699751493,0.5228718800062779
300,301,14,200,50,1401.770399843514,1339.1633751948102,1.046750848931779,0.07150973798707128,0.4705910359916743
301,302,14,200,50,1183.2383573919922,1110.945205587763,1.0650735530794981,0.06972919500549324,0.49420382900279947
302,303,14,200,50,1289.978007261229,1269.2543149941923,1.016327454649726,0.07795756499399431,0.48198999899614137
303,304,14,200,50,1215.3024338923206,1181.0958047519728,1.0289617734672516,0.07551209100347478,0.4207405530032702
304,305,14,200,50,1226.8907073801176,1208.4977221764757,1.015219710278408,0.07135864900192246,0.45662105099472683
305,306,15,200,50,1268.7466888163808,1182.8642489989854,1.072605491196538,0.07405388599727303,0.43980243800615426
306,307,15,200,50,1232.9216941707546,1195.8501905757037,1.0310001234997537,0.07987626999965869,0.4110156989918323
307,308,15,200,50,1511.4260026830566,1473.8593599396559,1.0254886210750385,0.07299327000509948,0.4885951059986837
308,309,15,200,50,1028.9092929532453,1008.8956363082134,1.0198371921978635,0.07514569100749213,0.42800379999971483
309,310,15,200,50,1291.6833367050172,1259.615133679087,1.0254587311381893,0.07370550199993886,0.43208634298935067
310,311,16,200,50,1163.0469121779563,1096.9816017042301,1.0602246294478317,0.0810513809992699,0.444433504002518
311,312,16,200,50,1103.374058042875,1090.798879675404,1.0115284115172662,0.0812901140016038,0.4687429520126898
312,313,16,200,50,1452.0317479903051,1342.626569482992,1.0814859328677235,0.07992262099287473,0.44386715700966306
313,314,16,200,50,1366.9304883588752,1357.3830810806974,1.0070336866660932,0.07997118200000841,0.4351699949911563
314,315,16,200,50,1131.059653414563,1112.8762019793444,1.016339150215341,0.07649444800335914,0.4492811740055913
315,316,17,200,50,1071.7417533936707,1038.3854010258838,1.0321232871098074,0.08358854700054508,0.45582299600937404
316,317,17,200,50,1172.9406444866688,1144.0610177100564,1.025243082606221,0.08029712199640926,0.45420664799166843
317,318,17,200,50,1119.1549952337807,1064.465016162184,1.051377901801579,0.08571657199354377,0.45725128801132087
318,319,17,200,50,1083.3892683376644,1060.1686116792475,1.021902795840783,0.08203348900133278,0.448656200998812
319,320,17,200,50,1294.0755592774622,1294.0755592774622,1.0,0.08059847299591638,0.4661219249974238
320,321,18,200,50,1131.1463655898685,1099.9460814663905,1.0283652850345932,0.08628776999830734,0.42303293698932976
321,322,18,200,50,1120.040238617142,1074.9498024168993,1.0419465505262313,0.0809631810116116,0.4362032420031028
322,323,18,200,50,919.1368589867867,919.1368589867866,1.0000000000000002,0.08391752900206484,0.4436807019956177
323,324,18,200,50,1182.4440799107188,1144.4514301345325,1.0331972583333835,0.08308443998976145,0.4542163360019913
324,325,18,200,50,1217.6553935292827,1108.8724076209508,1.0981023471778166,0.08210851800686214,0.5178235219937051
325,326,19,200,50,1052.8730378682276,1047.8836731833378,1.0047613726719615,0.08832736100885086,0.4383296259911731
326,327,19,200,50,1209.766242636521,1193.5604776538705,1.0135776655528217,0.09118613100145012,0.4905688709986862
327,328,19,200,50,955.9970989400922,955.9970989400922,1.0,0.08420543199463282,0.45101563799835276
328,329,19,200,50,1115.6366585410804,1097.529796062348,1.016497832262682,0.09576402300444897,0.4519826199975796
329,330,19,200,50,1401.6755613405426,1313.5350376488875,1.0671017682553934,0.08669723600905854,0.5161562930006767
330,331,20,200,50,1024.3613032333062,1017.370656971723,1.0068712874837489,0.0879240030044457,0.4600791229895549
331,332,20,200,50,868.8781400858468,846.8489351732743,1.0260131459078532,0.09457705399836414,0.4885465310071595
332,333,20,200,50,1064.6945224277347,1061.8344398880736,1.0026935296428723,0.09394734200031962,0.4561257249879418
333,334,20,200,50,1242.0714835766532,1242.0714835766532,1.0,0.08747769799083471,0.48572911199880764
334,335,20,200,50,1100.3702425288495,1043.3261072225487,1.054675268750016,0.08896201799507253,0.4745456039963756
335,336,21,200,50,1220.787240092065,1192.3143217303648,1.0238803793955762,0.09074275600141846,0.4558439120010007
336,337,21,200,50,936.9927424950595,918.0487261194639,1.0206350881348867,0.0920718730048975,0.44814578199293464
337,338,21,200,50,1017.3340893917657,999.3403139522163,1.0180056535179565,0.09193617099663243,0.44335830899944995
338,339,21,200,50,1045.9294718919268,1045.9294718919268,1.0,0.09054661898699123,0.4235395459982101
339,340,21,200,50,943.5170929339847,942.7461442975285,1.0008177690687143,0.0999258249939885,0.45260212100401986
340,341,22,200,50,1059.8931202520282,1059.8931202520282,1.0,0.09463364399562124,0.45033801600220613
341,342,22,200,50,1290.252009105878,1165.5337319521846,1.1070052918544016,0.09340657699794974,0.45177058900299016
342,343,22,200,50,1115.2778938444735,1115.2778938444735,1.0,0.09707550500752404,0.44120103800378274
343,344,22,200,50,986.8615201054589,932.9550328476408,1.057780370285672,0.10015322700201068,0.45484489999944344
344,345,22,200,50,1202.7724627479952,1172.4211956371355,1.0258876820240066,0.1049247279879637,0.4892452429921832
345,346,23,200,50,986.6001523039531,986.600152303953,1.0000000000000002,0.09552911100035999,0.44300025000120513
346,347,23,200,50,864.7409014901749,864.7409014901749,1.0,0.09760289199766703,0.43552835399168544
347,348,23,200,50,906.0567652083546,906.0567652083546,1.0,0.10506491399428342,0.44910090799385216
348,349,23,200,50,969.9699482417932,969.9699482417932,1.0,0.10485631099436432,0.4662988220079569
349,350,23,200,50,1027.9548824281728,1027.9548824281728,1.0,0.10591373199713416,0.4574345030123368
350,351,24,200,50,1018.999120322455,1018.999120322455,1.0,0.1075428679905599,0.441435280998121
351,352,24,200,50,712.7452661015305,677.5338630261397,1.0519699530856252,0.10603108299255837,0.44795929398969747
352,353,24,200,50,950.2938149233419,950.2938149233419,1.0,0.10691714599670377,0.4715501159953419
353,354,24,200,50,1149.3082793610708,1149.3082793610708,1.0,0.1103544819925446,0.4571371970087057
354,355,24,200,50,778.5751807212803,778.5751807212803,1.0,0.10276649201114196,0.46299530399846844
355,356,25,200,50,653.2782802273063,639.7456257364647,1.021153180180424,0.10591263599053491,0.4515877600060776
356,357,25,200,50,1084.3032893189968,1060.140895443887,1.0227916817273546,0.1025653200049419,0.437050779000856
357,358,25,200,50,879.3600030592914,879.3600030592909,1.0000000000000007,0.10743067000294104,0.3626470019953558
358,359,25,200,50,977.6895632447215,957.3521516119405,1.0212433967986994,0.10289250199275557,0.4776367770100478
359,360,25,200,50,1115.331175616056,1091.3099578038502,1.0220113613372923,0.10183011299523059,0.48937436600681394
360,361,26,200,50,988.0195245618431,988.0195245618431,1.0,0.10750582499895245,0.4711669420066755
361,362,26,200,50,768.1166995090923,759.2323622514671,1.0117017367796062,0.11433633101114538,0.46353508699394297
362,363,26,200,50,807.0757515483607,807.0757515483606,1.0000000000000002,0.10800684599962551,0.4739318159990944
363,364,26,200,50,919.5239330038734,919.5239330038734,1.0,0.10659574701276142,0.4603422830114141
364,365,26,200,50,847.5763011662652,847.5763011662652,1.0,0.11206495600345079,0.5228047650016379
365,366,27,200,50,971.2700499816981,957.3318683622155,1.0145594041942088,0.11205034499289468,0.45230655100021977
366,367,27,200,50,953.6183745963053,896.1654393934858,1.0641097421048762,0.11711087300500367,0.4899554319999879
367,368,27,200,50,836.9787565718067,821.0438107725282,1.019408155314252,0.11793742900772486,0.46498349600005895
368,369,27,200,50,625.8763767671871,592.2220231083281,1.0568272579297562,0.10897757799830288,0.4717706619994715
369,370,27,200,50,869.6296559362221,869.6296559362221,1.0,0.11191556800622493,0.44424034300027415
370,371,28,200,50,922.4013985171684,895.1773452598662,1.0304119104459677,0.11193386200466193,0.48292899200168904
371,372,28,200,50,895.257217377581,895.257217377581,1.0,0.11395880299096461,0.46833536500344053
372,373,28,200,50,765.0567446013312,765.0567446013312,1.0,0.11204001799342223,0.4567896619992098
373,374,28,200,50,850.6214336554685,777.8940402237129,1.0934926733862624,0.12315193699032534,0.3928577829938149
374,375,28,200,50,868.7272825397043,868.7272825397043,1.0,0.11269138900388498,0.49554771100520156
375,376,29,200,50,725.1264186989996,719.8988958830013,1.0072614680282104,0.11438719899160787,0.4547356389957713
376,377,29,200,50,684.2051319592247,684.2051319592247,1.0,0.1230650119978236,0.4390876639954513
377,378,29,200,50,761.641311028927,747.4503518361361,1.018985821811349,0.1233239660068648,0.45287092099897563
378,379,29,200,50,830.9860017109863,804.3009475551523,1.0331779469326114,0.11487340499297716,0.46889451899915
379,380,29,200,50,825.044635443796,822.0035428337486,1.003699610100905,0.1170303969993256,0.4669735499919625
380,381,30,200,50,760.7987672352021,760.7395191254614,1.0000778822556884,0.1261907009902643,0.4841316439997172
381,382,30,200,50,686.8438925682096,686.8438925682096,1.0,0.11656807700637728,0.4569739110011142
382,383,30,200,50,752.1745535833471,704.030854232557,1.0683829395563496,0.11711985399597324,0.4527252900006715
383,384,30,200,50,657.4931313675941,635.4219473433916,1.0347346894712701,0.11732875499001238,0.471355964007671
384,385,30,200,50,861.9467722730345,830.2521659463836,1.0381746746670912,0.1176810679899063,0.48972696300188545
385,386,31,200,50,688.0151362469329,688.0151362469329,1.0,0.13745998599915765,0.4798067289957544
386,387,31,200,50,575.7246100535737,544.5242179977835,1.0572984470195175,0.12032174800697248,0.46541976199659985
387,388,31,200,50,833.8772061180169,833.8772061180169,1.0,0.12061646100482903,0.46410146199923474
388,389,31,200,50,793.4995350021511,776.6520892004091,1.0216923974531338,0.12467995300539769,0.468852895006421
389,390,31,200,50,736.4669427341427,736.4669427341427,1.0,0.12072055198950693,0.48690858599729836
390,391,32,200,50,656.2756353344664,656.2756353344664,1.0,0.12234731299395207,0.47752156099886633
391,392,32,200,50,567.1658610296596,567.1658610296596,1.0,0.131830770013039,0.45315790799213573
392,393,32,200,50,651.5155605492007,624.5656085778635,1.0431499134777886,0.12400492699816823,0.4739352600008715
393,394,32,200,50,588.8134890246198,558.9483146200225,1.053431012534495,0.13491653400706127,0.47734269000648055
394,395,32,200,50,734.1943097984425,734.1943097984425,1.0,0.12564480700530112,0.4872819879965391
395,396,33,200,50,689.68939027747,675.7659827711677,1.0206038893067766,0.1276762079942273,0.47568988500279374
396,397,33,200,50,694.9268283733435,694.9268283733435,1.0,0.13030300199170597,0.46902227100508753
397,398,33,200,50,639.101732259356,639.1017322593552,1.0000000000000013,0.1384134260006249,0.4061777219903888
398,399,33,200,50,636.8569616338773,626.7239209810513,1.0161682685367492,0.13561017598840408,0.48310550399764907
399,400,33,200,50,772.383403500311,769.9905937439485,1.0031075831001102,0.1294764999911422,0.4695695459959097
400,401,34,200,50,600.6326609639601,592.1620459569955,1.0143045557627308,0.13083661600830965,0.4536638079880504
401,402,34,200,50,634.8043964401975,634.8043964401975,1.0,0.12823261300218292,0.4663132330024382
402,403,34,200,50,490.3715904928676,471.6169653341604,1.0397666465315105,0.1294724689942086,0.477372977999039
403,404,34,200,50,606.4157185111444,606.4157185111444,1.0,0.12897130000055768,0.48097757999494206
404,405,34,200,50,788.2855319102688,774.9384041134169,1.0172234692796287,0.1410893029969884,0.5168616640003165
405,406,35,200,50,552.1620943992324,522.6010466904669,1.0565652286691158,0.1324166230042465,0.4847984969965182
406,407,35,200,50,678.2648249947175,678.2648249947175,1.0,0.13030706300924066,0.4837402590055717
407,408,35,200,50,690.9201326627166,690.9201326627166,1.0,0.1374316169967642,0.48344890399312135
408,409,35,200,50,489.231650472394,472.5786760123549,1.0352385228223961,0.13259684400691185,0.4890817740088096
409,410,35,200,50,510.6694480712116,501.62798234670026,1.018024245143211,0.1305423160083592,0.4794780689990148
410,411,36,200,50,539.3457253476105,539.3457253476105,1.0,0.1416247309971368,0.4680793269944843
411,412,36,200,50,478.8844865999448,478.884486599944,1.0000000000000016,0.14062916599505115,0.3795831480092602
412,413,36,200,50,491.23296081862753,488.8334900837069,1.0049085645390412,0.13348265299282502,0.477779061999172
413,414,36,200,50,634.4895683465019,634.4895683465019,1.0,0.14863160000822973,0.46023383901047055
414,415,36,200,50,544.2656411007258,544.2656411007258,1.0,0.1488127100019483,0.5244770439894637
415,416,37,200,50,523.1245888478782,523.1245888478772,1.0000000000000018,0.13849983298860025,0.3898194609937491
416,417,37,200,50,538.4651264267542,538.4651264267541,1.0000000000000002,0.14555807800206821,0.48234039400995243
417,418,37,200,50,722.1771474607671,695.6008162661419,1.0382062967339256,0.15115062599943485,0.4789302839926677
418,419,37,200,50,497.8085327168231,480.09344971976196,1.0368992391114724,0.14324361000035424,0.474686132001807
419,420,37,200,50,585.0022511197369,585.0022511197369,1.0,0.1372171149996575,0.4831770169985248
420,421,38,200,50,529.9760835925769,529.9760835925767,1.0000000000000002,0.1423238990100799,0.482564846999594
421,422,38,200,50,540.2294910070322,540.2294910070322,1.0,0.15183651199913584,0.49432971100031864
422,423,38,200,50,471.4985699728859,471.4985699728859,1.0,0.14048674299556296,0.49596530200506095
423,424,38,200,50,514.67014393382,514.6701439338194,1.000000000000001,0.15006249900034163,0.43070417099806946
424,425,38,200,50,475.1012945671522,475.1012945671522,1.0,0.14512852299958467,0.49726213100075256
425,426,39,200,50,614.7585193331281,567.6546887623099,1.08297972606114,0.15403789999254514,0.4788935239921557
426,427,39,200,50,620.3390241603134,620.3390241603134,1.0,0.14268554099544417,0.42165638599544764
427,428,39,200,50,516.8126337719301,516.8126337719301,1.0,0.1501176790043246,0.47209835999819916
428,429,39,200,50,456.9692615312049,456.9692615312049,1.0,0.14661990400054492,0.48225986000034027
429,430,39,200,50,564.212976930383,564.212976930383,1.0,0.1433102669980144,0.4059837490058271
430,431,40,200,50,310.6880427102724,310.6880427102715,1.0000000000000029,0.14718135600560345,0.407300054008374
431,432,40,200,50,614.3692469387253,614.3692469387253,1.0,0.1630466070055263,0.4938896660023602
432,433,40,200,50,412.80685817760224,412.80685817760224,1.0,0.15168594098940957,0.3891821279976284
433,434,40,200,50,399.22678393063444,399.2267839306335,1.0000000000000024,0.15100100899871904,0.40991109699825756
434,435,40,200,50,358.94069641798944,358.9406964179884,1.0000000000000029,0.14609665099123958,0.42173852601263206
435,436,41,200,50,399.9986912823268,399.9986912823258,1.0000000000000024,0.1534906629967736,0.40921086400339846
436,437,41,200,50,683.6482622596454,683.6482622596454,1.0,0.14998057500633877,0.49381246299890336
437,438,41,200,50,567.3658550437433,567.3658550437432,1.0000000000000002,0.15013132098829374,0.4997268340084702
438,439,41,200,50,478.38511884871207,478.38511884871207,1.0,0.14845040399814025,0.47280121099902317
439,440,41,200,50,625.6082561795816,625.6082561795816,1.0,0.16360341699328274,0.5012805339938495
440,441,42,200,50,439.9740579468418,439.9740579468418,1.0,0.17032966199622024,0.505449119998957
441,442,42,200,50,474.0121608551783,467.41509659561353,1.0141139306531048,0.16265485199983232,0.4954499820014462
442,443,42,200,50,368.5031354547207,368.50313545472056,1.0000000000000002,0.15278070600470528,0.4844027920044027
443,444,42,200,50,345.6199271598176,345.6199271598166,1.0000000000000029,0.15149255099822767,0.39121707298909314
444,445,42,200,50,451.1842446820678,451.1842446820678,1.0,0.154912169004092,0.5238766510010464
445,446,43,200,50,421.5725158249724,421.5725158249724,1.0,0.15883058100007474,0.504617052996764
446,447,43,200,50,365.55260667406907,365.55260667406895,1.0000000000000002,0.17058912600623444,0.5180761060037185
447,448,43,200,50,304.7197987496304,304.7197987496304,1.0,0.1657782450056402,0.4090204349922715
448,449,43,200,50,257.9461749613945,257.94617496139443,1.0000000000000002,0.15690983600507025,0.49217922700336203
449,450,43,200,50,428.61716918674483,416.63593829747447,1.0287570749134844,0.16726938998908736,0.4277266569988569
450,451,44,200,50,557.4268343748209,557.4268343748208,1.0000000000000002,0.1578874410042772,0.4843650979892118
451,452,44,200,50,462.0760283591946,462.0760283591945,1.0000000000000002,0.16496088399435394,0.4662597790011205
452,453,44,200,50,254.5505031202799,254.5505031202799,1.0,0.16470733999449294,0.46385044300404843
453,454,44,200,50,272.93580365331337,272.9358036533124,1.0000000000000036,0.16937280001002364,0.43243501998949796
454,455,44,200,50,281.8566209705432,281.8566209705423,1.0000000000000033,0.15832493199559394,0.45865382299234625
455,456,45,200,50,253.78780115728816,253.78780115728816,1.0,0.17204712200327776,0.4196892379986821
456,457,45,200,50,312.6893768342894,312.6893768342894,1.0,0.1748609310016036,0.41648295799677726
457,458,45,200,50,281.62663417720574,281.62663417720574,1.0,0.16641138400882483,0.42567592099658214
458,459,45,200,50,294.49928485956536,294.49928485956536,1.0,0.16515920299571007,0.45390161899558734
459,460,45,200,50,368.8839083853887,363.80466514105547,1.0139614571527384,0.16584686600253917,0.5211053599923616
460,461,46,200,50,291.9786883174685,291.9786883174685,1.0,0.16834522600402124,0.4283036660053767
461,462,46,200,50,323.4265795953951,323.4265795953951,1.0,0.1771452589891851,0.446205704996828
462,463,46,200,50,253.92787519133134,253.92787519133134,1.0,0.1680136419890914,0.41466532699996606
463,464,46,200,50,254.11198293523867,254.11198293523867,1.0,0.17105740199622232,0.46930325600260403
464,465,46,200,50,328.7402886345441,328.7402886345441,1.0,0.16829166599200107,0.4781826559919864
465,466,47,200,50,211.21481292569675,211.21481292569675,1.0,0.1701273070066236,0.44184711200068705
466,467,47,200,50,198.8146650912951,198.8146650912951,1.0,0.1712724880053429,0.4398412619921146
467,468,47,200,50,265.0109082967903,265.0109082967903,1.0,0.17002781500923447,0.4336089650023496
468,469,47,200,50,409.27575873436234,409.27575873436234,1.0,0.17257138100103475,0.4300565529993037
469,470,47,200,50,270.4373692543755,270.4373692543755,1.0,0.1805235089996131,0.4503647509991424
470,471,48,200,50,197.56397199209917,197.56397199209917,1.0,0.18120141098916065,0.44761689999722876
471,472,48,200,50,173.83810236666866,173.83810236666866,1.0,0.17532381099590566,0.44361435099563096
472,473,48,200,50,272.77357926337896,272.77357926337896,1.0,0.18225678800081369,0.4472440160025144
473,474,48,200,50,248.32201000677657,248.32201000677657,1.0,0.18344983200950082,0.44932378800876904
474,475,48,200,50,200.12118037238812,200.12118037238812,1.0,0.18517156099551357,0.48020133200043347
475,476,49,200,50,173.2398415349686,173.2398415349686,1.0,0.17637732900038827,0.4666872059897287
476,477,49,200,50,196.09733670313602,196.09733670313602,1.0,0.19362694899609778,0.4365686750097666
477,478,49,200,50,197.07234433421505,197.07234433421505,1.0,0.1972071529889945,0.44551339600002393
478,479,49,200,50,178.8399182573883,178.8399182573883,1.0,0.176408341008937,0.45232993199897464
479,480,49,200,50,180.09334729848968,180.09334729848968,1.0,0.182485610988806,0.45201889699092135
